Name des Werkes,Mann A,Mann B
"After Marrying The Villain, I Became Popular",Xia Wan,Huo Yu
The Escort,Shao Mingwei,Min Yu
Escape the Infinite Chambers,Luo Jian,Feng Yu Lan
The Villain’s Attack Plan,Wen ZhiChu,Qin JiaShu
"General, You’ve Lost Your Inhibitor!",Gu Huan,Chu Xinglin
Black-bellied vs Black-bellied/ Ultimate Showdown ,Qi Yu,Fu Yansheng
2013 Doomsday,Meng Feng,Liu Yan
Everyone Knows I'm a Good Person,Shi Qing,"Yin Mingzheng, Jing Yuanqi, Yu Chennian, Zhuo Junli"
FOG [e-sports],Yu Sui,Shi Luo
Glory [e-sports],Wei Xiao,Lu Feng
"I Have Amnesia, Don't Be Noisy",Zhong Yibin,Chu Qin
I Just Want To Be In A Relationship ,Yu Qinghuan,Huo Qu
It's Actually Not Easy Wanting to be a Supporting Male Lead,Sui Yuan,Zhao Xihe
My Underachieving Seatmate Doesn't Need Any Comforting ,He Shen,Qiao Shao
Online Dating Girlfriend Turn Into Brother!,Lin Dongyang,Qiao Yichen
Peerless Immortal Surrounded By Demonic Disciples ,Xuan Wei,Jiang Yinghe
PUBG Online Romance of the Century,Yu Yan,Yi Chen
The Disabled Tyrant's Pet Palm Fish [Transmigration],Li Yu,Mu Tianchi
What Should I Do if the School Bully is Interested in Me,Ji Liao,He Cheng Ming
Who Touched My Tail!,Xue Ling,Su Xuanyan
"You Use a Gun, I Use a Bow",Wen Xi,Mo Chen